testGroupName,testName,groupTags,Status
"TC_MDS_cellphone-insurance-plan-MDPP-dev_01","Fetch Payment Details - Payment Service","[mdsIST, mds]","Failed",
"TC_MDS_cellphone-insurance-plan-MI-dev_02","Fetch Payment Details - Payment Service","[mdsIST, mds]","Failed",
"TC_MDS_cellphone-MSA-plan-insurancedeclined-IRUaccount_01","Fetch Payment Details - Payment Service","[mdsIST, mds]","Failed",
"TC_MDS_cellphone-no-insurance-mobile-share-plan-att-next-dev_01","Post Terms Details - Terms Service","[mdsIST, mds]","Failed",
"TC_MDS_cellphone-no-insurance-mobile-share-plan-att-next-every-year-dev_02","Fetch Payment Details - Payment Service","[mdsIST, mds]","Failed",
"TC_MDS_cellphone-no-insurance-mobile-share-plan-no-annual-contract-dev_03","Fetch Payment Details - Payment Service","[mdsIST, mds]","Failed",
"TC_MDS_cellphone-unlimited-plan-insurancedeclined-IRUaccount_02","UUID and SHOPSESSIONID generation","[mdsIST, mds]","Failed",
"TC_MDS_cellphone-unlimited-plan-insurancedeclined-IRUaccount_02","Add Unlimited Plan to Order","[mdsIST, mds]","Failed",
"TC_MDS_cellphone-unlimited-plan-insurancedeclined-IRUaccount_02","Fetch Payment Details - Payment Service","[mdsIST, mds]","Failed",
"TC_MDS_multiline-insurance-mobileshareplan-tablet-accessComb-dev_01","Fetch Payment Details - Payment Service","[mdsIST, mds]","Failed",
"TC_MDS_multiline-insurance-mobileshareplan-tablet-accessories-dev_02","Fetch Payment Details - Payment Service","[mdsIST, mds]","Failed",
"TC_MDS_multiline-insurance-unlimitedplan-tablet-accessComb-dev_03","Fetch Payment Details - Payment Service","[mdsIST, mds]","Failed",
"TC_MDS_multiline-insurance-unlimitedplan-tablet-accessories-dev_04","Post Payment Details - Payment Service","[mdsIST, mds]","Failed",
"TC_MDS_AAL-cellphone-insurance-unlimited-FT-plan_01","Fetch Payment Details - Payment Service","[mdsIST, mds]","Failed",
"TC_MDS_AAL-cellphone-insurance-unlimited-FT-plan_01","Fetch Payment Details - Payment Service","[mdsIST, mds]","Failed",
"TC_MDS_AAL_cellphone-insurance-plan-MDPP-dev_01","Fetch Payment Details - Payment Service","[mdsIST, mds]","Failed",
"TC_MDS_AAL_cellphone-insurance-plan-MI-dev_02","Fetch Payment Details - Payment Service","[mdsIST, mds]","Failed",
"TC_MDS_AAL_cellphone-insurance-plan-MPP-dev_03","Post Payment Details - Payment Service","[mdsIST, mds]","Failed",
"TC_MDS_AAL-cellphone-add-insurance-when-no-line-no-insurance-plan-exist-dev_01","Add Device iPhone 8 to Order with Device Protection Plan","[mdsIST, mds]","Failed",
"TC_MDS_AAL-cellphone-add-insurance-when-no-line-no-insurance-plan-exist-dev_01","Fetch Payment Details - Payment Service","[mdsIST, mds]","Failed",
"TC_MDS_multiline-exsistingAAL-mobileshareplan-accessories-dev_01","Post Address Details - Address Service","[mdsIST, mds]","Failed",
"TC_MDS_AAL-cellphone-no-additional-insurance-msa-plan_02","Fetch Address Details - Address Service","[mdsIST, mds]","Failed",
"TC_MDS_AAL-cellphone-no-additional-insurance-msa-plan_02","Post NumberSelection Details","[mdsIST, mds]","Failed",
"TC_MDS_AAL-cellphone-no-additional-insurance-msa-plan_02","Post Payment Details - Payment Service","[mdsIST, mds]","Failed",
"TC_MDS_AAL-cellphone-no-additional-insurance-msa-plan_02","Fetch Payment Details - Payment Service","[mdsIST, mds]","Failed",
"TC_MDS_AAL-cellphone-no-additional-insurance-msa-plan_02","Submit Order Details","[mdsIST, mds]","Failed",
"TC_MDS_AAL-cellphone-no-additional-insurance-msa-plan_02","Call CCC API for NACK validation post-order Submit","[mdsIST, mds]","Failed",
"TC_MDS_UPGRADE-iPhone-2yrContract-familyTalk-MPP-IRU_03","Call CCC API for NACK Pre Order Check","[mdsIST, mds]","Failed",
"TC_MDS_UPGRADE-iPhone-2yrContract-mobileShare-MDPP-IRU_07","Getting iPhone Upgrade Eligibility with MobileShare plan type","[mdsIST, mds]","Failed",
"TC_MDS_UPGRADE-iPhone-2yrContract-mobileShare-MDPP-IRU_07","Express Upgrade","[mdsIST, mds]","Failed",
"TC_MDS_UPGRADE-iPhone-2yrContract-mobileShare-MDPP-IRU_07","Redirect to accessory service recommender page","[mdsIST, mds]","Failed",
"TC_MDS_UPGRADE-iPhone-2yrContract-mobileShare-MDPP-IRU_07","Select MDPP and add it to the cart","[mdsIST, mds]","Failed",
"TC_MDS_UPGRADE-iPhone-2yrContract-mobileShare-MI-IRU_08","call cellphones page login","[mdsIST, mds]","Failed",
"TC_MDS_UPGRADE-iPhone-2yrContract-mobileShare-MI-IRU_08","Redirect to accessory service recommender page","[mdsIST, mds]","Failed",
"TC_MDS_UPGRADE-iPhone-2yrContract-mobileShare-MI-IRU_08","Select MI and add it to the cart","[mdsIST, mds]","Failed",
"TC_MDS_UPGRADE-iPhone-2yrContract-mobileShare-MPP-IRU_09","Getting iPhone Upgrade Eligibility with MobileShare plan type","[mdsIST, mds]","Failed",
"TC_MDS_UPGRADE-iPhone-2yrContract-mobileShare-MPP-IRU_09","Express Upgrade","[mdsIST, mds]","Failed",
"TC_MDS_UPGRADE-iPhone-2yrContract-mobileShare-MPP-IRU_09","Redirect to accessory service recommender page","[mdsIST, mds]","Failed",
"TC_MDS_UPGRADE-iPhone-2yrContract-mobileShare-MPP-IRU_09","Select MPP and add it to the cart","[mdsIST, mds]","Failed",
"TC_MDS_UPGRADE-iPhone-NoAnnualContact-Individual-PayInEligible-dev_05","Express Upgrade","[mdsIST, mds]","Failed",
"TC_MDS_UPGRADE-Iphone-AttNext-Individual-MPP_04","Fetch Payment Details - Payment Service","[mdsIST, mds]","Failed",
"TC_MDS_UPGRADE-Iphone-AttNext-Individual-MPP_04","Fetch Terms Details - Terms Service","[mdsIST, mds]","Failed",
"TC_MDS_UPGRADE-Iphone-AttNext-Individual-MPP_04","Call CCC API for NACK validation post-order Submit","[mdsIST, mds]","Failed",
"TC_MDS_UPGRADE-Iphone-NoAnnualContract-Mobileshare-MPP_07","check profile","[mdsIST, mds]","Failed",
"TC_MDS_UPGRADE-Iphone-NoAnnualContract-Mobileshare-MPP_07","Express Upgrade","[mdsIST, mds]","Failed",
"TC_MDS_UPGRADE-Iphone-NoAnnualContract-Mobileshare-MPP_07","Redirect to accessory service recommender page","[mdsIST, mds]","Failed",
"TC_MDS_UPGRADE-Iphone-NoAnnualContract-Mobileshare-MPP_07","Getting the cart information","[mdsIST, mds]","Failed",
"TC_MDS_UPGRADE-Iphone-NoAnnualContract-Mobileshare-MPP_07","Getting Express Upgrade Insurance Features","[mdsIST, mds]","Failed",
"TC_MDS_UPGRADE-Iphone-NoAnnualContract-Mobileshare-MPP_07","Select MPP and add it to the cart","[mdsIST, mds]","Failed",
"TC_MDS_UPGRADE-Iphone-NoAnnualContract-Mobileshare-MPP_07","Get cart details","[mdsIST, mds]","Failed",
"TC_MDS_UPGRADE-Iphone-NoAnnualContract-Mobileshare-MPP_07","PreCheckout data","[mdsIST, mds]","Failed",
"TC_MDS_UPGRADE-Iphone-NoAnnualContract-Mobileshare-MPP_07","Post PersonalInfo Details - PersonalInfo Service","[mdsIST, mds]","Failed",
"TC_MDS_UPGRADE-Iphone-NoAnnualContract-Mobileshare-MPP_07","Post Address Details - Address Service","[mdsIST, mds]","Failed",
"TC_MDS_UPGRADE-Iphone-NoAnnualContract-Mobileshare-MPP_07","Fetch Address Details - Address Service","[mdsIST, mds]","Failed",
"TC_MDS_UPGRADE-Iphone-NoAnnualContract-Mobileshare-MPP_07","Post NumberSelection Details","[mdsIST, mds]","Failed",
"TC_MDS_UPGRADE-Iphone-NoAnnualContract-Mobileshare-MPP_07","Post Payment Details - Payment Service","[mdsIST, mds]","Failed",
"TC_MDS_UPGRADE-Iphone-NoAnnualContract-Mobileshare-MPP_07","Fetch Payment Details - Payment Service","[mdsIST, mds]","Failed",
"TC_MDS_UPGRADE-Iphone-NoAnnualContract-Mobileshare-MPP_07","Fetch Terms Details - Terms Service","[mdsIST, mds]","Failed",
"TC_MDS_UPGRADE-Iphone-NoAnnualContract-Mobileshare-MPP_07","Post BillingPreference Details","[mdsIST, mds]","Failed",
"TC_MDS_UPGRADE-Iphone-NoAnnualContract-Mobileshare-MPP_07","Preview Order Details","[mdsIST, mds]","Failed",
"TC_MDS_UPGRADE-Iphone-NoAnnualContract-Mobileshare-MPP_07","Call CCC API for NACK validation post-order Submit","[mdsIST, mds]","Failed",
"TC_MDS_UPGRADE-Iphone-AttNext-Mobileshare-MPP-10","check profile","[mdsIST, mds]","Failed",
"TC_MDS_UPGRADE-Iphone-AttNext-Mobileshare-MPP-10","Express Upgrade","[mdsIST, mds]","Failed",
"TC_MDS_UPGRADE-Iphone-AttNext-Mobileshare-MPP-10","Redirect to accessory service recommender page","[mdsIST, mds]","Failed",
"TC_MDS_UPGRADE-Iphone-AttNext-Mobileshare-MPP-10","Getting the cart information","[mdsIST, mds]","Failed",
"TC_MDS_UPGRADE-Iphone-AttNext-Mobileshare-MPP-10","Getting Express Upgrade Insurance Features","[mdsIST, mds]","Failed",
"TC_MDS_UPGRADE-Iphone-AttNext-Mobileshare-MPP-10","Select MPP and add it to the cart","[mdsIST, mds]","Failed",
"TC_MDS_UPGRADE-Iphone-AttNext-Mobileshare-MPP-10","Get cart details","[mdsIST, mds]","Failed",
"TC_MDS_UPGRADE-Iphone-AttNext-Mobileshare-MPP-10","PreCheckout data","[mdsIST, mds]","Failed",
"TC_MDS_UPGRADE-Iphone-AttNext-Mobileshare-MPP-10","Post PersonalInfo Details - PersonalInfo Service","[mdsIST, mds]","Failed",
"TC_MDS_UPGRADE-Iphone-AttNext-Mobileshare-MPP-10","Fetch PersonalInfo Details - PersonalInfo Service","[mdsIST, mds]","Failed",
"TC_MDS_UPGRADE-Iphone-AttNext-Mobileshare-MPP-10","Post Address Details - Address Service","[mdsIST, mds]","Failed",
"TC_MDS_UPGRADE-Iphone-AttNext-Mobileshare-MPP-10","Post Payment Details - Payment Service","[mdsIST, mds]","Failed",
"TC_MDS_UPGRADE-Iphone-AttNext-Mobileshare-MPP-10","Post Terms Details - Terms Service","[mdsIST, mds]","Failed",
"TC_MDS_UPGRADE-Iphone-AttNext-Mobileshare-MPP-10","Fetch Terms Details - Terms Service","[mdsIST, mds]","Failed",
"TC_MDS_UPGRADE-Iphone-AttNext-Mobileshare-MPP-10","Get BillingPreference Details","[mdsIST, mds]","Failed",
"TC_MDS_UPGRADE-Iphone-AttNext-Mobileshare-MPP-10","Preview Order Details","[mdsIST, mds]","Failed",
"TC_MDS_UPGRADE-Iphone-AttNext-Mobileshare-MPP-10","Call CCC API for NACK validation post-order Submit","[mdsIST, mds]","Failed",
"TC_MDS_UPGRADE-Iphone-AttNext-Mobileshare-MDPP-12","Get cart details","[mdsIST, mds]","Failed",
"TC_MDS_UPGRADE-Iphone-AttNext-Mobileshare-MDPP-12","Get Checkout Metadata","[mdsIST, mds]","Failed",
"TC_MDS_UPGRADE-Iphone-AttNext-Mobileshare-MDPP-12","Post Address Details - Address Service","[mdsIST, mds]","Failed",
"TC_MDS_UPGRADE-Iphone-AttNext-Mobileshare-MDPP-12","Fetch Address Details - Address Service","[mdsIST, mds]","Failed",
"TC_MDS_UPGRADE-Iphone-AttNext-Mobileshare-MDPP-12","Post NumberSelection Details","[mdsIST, mds]","Failed",
"TC_MDS_UPGRADE-Iphone-AttNext-Mobileshare-MDPP-12","Post Payment Details - Payment Service","[mdsIST, mds]","Failed",
"TC_MDS_UPGRADE-Iphone-AttNext-Mobileshare-MDPP-12","Fetch Payment Details - Payment Service","[mdsIST, mds]","Failed",
"TC_MDS_UPGRADE-Iphone-AttNext-Mobileshare-MDPP-12","Fetch Terms Details - Terms Service","[mdsIST, mds]","Failed",
"TC_MDS_UPGRADE-Iphone-AttNext-Mobileshare-MDPP-12","Post BillingPreference Details","[mdsIST, mds]","Failed",
"TC_MDS_UPGRADE-Iphone-AttNext-Mobileshare-MDPP-12","Preview Order Details","[mdsIST, mds]","Failed",
"TC_MDS_UPGRADE-Iphone-AttNext-Mobileshare-MDPP-12","Call CCC API for NACK validation post-order Submit","[mdsIST, mds]","Failed",
"TC_MDS_UPGRADE-Iphone-NoAnnualContract-FamilyTalk-MPP_13","Get cart details","[mdsIST, mds]","Failed",
"TC_MDS_UPGRADE-Iphone-NoAnnualContract-FamilyTalk-MPP_13","Fetch Payment Details - Payment Service","[mdsIST, mds]","Failed",
"TC_MDS_UPGRADE-Iphone-NoAnnualContract-FamilyTalk-MPP_13","Fetch Terms Details - Terms Service","[mdsIST, mds]","Failed",
"TC_MDS_UPGRADE-Iphone-NoAnnualContract-FamilyTalk-MPP_13","Preview Order Details","[mdsIST, mds]","Failed",
"TC_MDS_UPGRADE-Iphone-NoAnnualContract-FamilyTalk-MPP_13","Submit Order Details","[mdsIST, mds]","Failed",
"TC_MDS_UPGRADE-SingleLine-Accessories-MixedCart-withoutAAL-Accessories_01","Getting Selected Upline","[mdsIST, mds]","Failed",
"TC_MDS_UPGRADE-SingleLine-Accessories-MixedCart-withoutAAL-Accessories_01","Get Insurance(MPP)","[mdsIST, mds]","Failed",
"TC_MDS_UPGRADE-SingleLine-Accessories-MixedCart-withoutAAL-Accessories_01","Getting both Device details with Insurance(MI) and Accessory for mixed","[mdsIST, mds]","Failed",
"TC_MDS_UPGRADE-SingleLine-Accessories-MixedCart-withAAL-Accessories_02","get tatsCookie","[mdsIST, mds]","Failed",
"TC_MDS_UPGRADE-SingleLine-Accessories-MixedCart-withAAL-Accessories_02","Getting Selected Upline","[mdsIST, mds]","Failed",
"TC_MDS_UPGRADE-SingleLine-Accessories-MixedCart-withAAL-Accessories_02","Get Accessory offer device","[mdsIST, mds]","Failed",
"TC_MDS_UPGRADE-SingleLine-Accessories-MixedCart-withAAL-Accessories_02","Call CCC API for NACK validation post-order Submit","[mdsIST, mds]","Failed",
"TC_MDS_UPGRADE-Iphone-AttNext-FamilyTalk-MPP_16","Fetch Payment Details - Payment Service","[mdsIST, mds]","Failed",
"TC_MDS_UPGRADE-Iphone-AttNext-FamilyTalk-MDPP_18","Call CCC API for NACK validation post-order Submit","[mdsIST, mds]","Failed",
"TC_MDS_UPGRADE-SingleLine-Accessories-MixedCart-withAAL-MPP-Accessories_02","Getting Selected Upline","[mdsIST, mds]","Failed",
"TC_MDS_UPGRADE-SingleLine-Accessories-MixedCart-withAAL-MPP-Accessories_02","Get Accessory offer device","[mdsIST, mds]","Failed",
"TC_MDS_UPGRADE-SingleLine-Accessories-MixedCart-withAAL-MPP-Accessories_02","Getting both Device details with Insurance(MI) and Accessory for mixed","[mdsIST, mds]","Failed",
"TC_MDS_UPGRADE-SingleLine-Accessories-MixedCart-withAAL-MPP-Accessories_02","Call CCC API for NACK Pre Order Check","[mdsIST, mds]","Failed",
"TC_MDS_UPGRADE-Tablet-Samsung-MobileShare-MDPP-att-next_01","Call CCC API for NACK Pre Order Check","[mdsIST, mds]","Failed",
"TC_MDS_UPGRADE-Tablet-Samsung-MobileShare-MI-att-next_02","Call CCC API for NACK Pre Order Check","[mdsIST, mds]","Failed",
"TC_MDS_UPGRADE-Tablet-Samsung-MobileShare-MDPP-Regular_01","Getting Samsung Upgrade Eligibility with MobileShare plan type","[mdsIST, mds]","Failed",
"TC_MDS_UPGRADE-Tablet-Samsung-MobileShare-MDPP-Regular_01","Express Upgrade","[mdsIST, mds]","Failed",
"TC_MDS_UPGRADE-Tablet-Samsung-MobileShare-MDPP-Regular_01","Getting Selected Upline","[mdsIST, mds]","Failed",
"TC_MDS_UPGRADE-Tablet-Samsung-MobileShare-MDPP-Regular_01","Redirect to accessory service recommender page","[mdsIST, mds]","Failed",
"TC_MDS_UPGRADE-Tablet-Samsung-MobileShare-MDPP-Regular_01","Getting device product details","[mdsIST, mds]","Failed",
"TC_MDS_UPGRADE-Tablet-Samsung-MobileShare-MDPP-Regular_01","Call CCC API for NACK Pre Order Check","[mdsIST, mds]","Failed",
"TC_MDS_UPGRADE-iPhone-MobileShare-MI-att-next-every-year_02","Get cart details","[mdsIST, mds]","Failed",
"TC_MDS_UPGRADE-iPhone-MobileShare-MI-att-next-every-year_02","PreCheckout data","[mdsIST, mds]","Failed",
"TC_MDS_UPGRADE-iPhone-MobileShare-MI-att-next-every-year_02","Post PersonalInfo Details - PersonalInfo Service","[mdsIST, mds]","Failed",
"TC_MDS_UPGRADE-iPhone-MobileShare-MI-att-next-every-year_02","Fetch PersonalInfo Details - PersonalInfo Service","[mdsIST, mds]","Failed",
"TC_MDS_UPGRADE-iPhone-MobileShare-MI-att-next-every-year_02","Post Address Details - Address Service","[mdsIST, mds]","Failed",
"TC_MDS_UPGRADE-iPhone-MobileShare-MI-att-next-every-year_02","Fetch Address Details - Address Service","[mdsIST, mds]","Failed",
"TC_MDS_UPGRADE-iPhone-MobileShare-MI-att-next-every-year_02","Post NumberSelection Details","[mdsIST, mds]","Failed",
"TC_MDS_UPGRADE-iPhone-MobileShare-MI-att-next-every-year_02","Post Payment Details - Payment Service","[mdsIST, mds]","Failed",
"TC_MDS_UPGRADE-iPhone-MobileShare-MI-att-next-every-year_02","Fetch Payment Details - Payment Service","[mdsIST, mds]","Failed",
"TC_MDS_UPGRADE-iPhone-MobileShare-MI-att-next-every-year_02","Fetch Terms Details - Terms Service","[mdsIST, mds]","Failed",
"TC_MDS_UPGRADE-iPhone-MobileShare-MI-att-next-every-year_02","Post BillingPreference Details","[mdsIST, mds]","Failed",
"TC_MDS_UPGRADE-iPhone-MobileShare-MI-att-next-every-year_02","Get BillingPreference Details","[mdsIST, mds]","Failed",
"TC_MDS_UPGRADE-iPhone-MobileShare-MI-att-next-every-year_02","Call CCC API for NACK validation post-order Submit","[mdsIST, mds]","Failed",
"TC_MDS_UPGRADE-MultiLine-ALL-MSA-MI_01","Getting Selected Upline for 2nd device","[mdsIST, mds]","Failed",
"TC_MDS_UPGRADE-MultiLine-ALL-MSA-MI_01","Next Device Upgrade 4th device","[mdsIST, mds]","Failed",
"TC_MDS_UPGRADE-MultiLine-ALL-MSA-MI_01","Call repriceorder api for localization","[mdsIST, mds]","Failed",
"TC_MDS_UPGRADE-MultiLine-ALL-MSA-MI_01","Submit Order Details","[mdsIST, mds]","Failed",
"TC_MDS_UPGRADE-MultiLine-ALL-MSA-MI_01","ThankYou Page Details","[mdsIST, mds]","Failed",
"TC_MDS_UPGRADE-MultiLine-ALL-MSA-MI_01","Call CCC API for NACK validation post-order Submit","[mdsIST, mds]","Failed",
"TC_MDS_UPGRADE-MultiLine-ALL-MSA-MPP-02","Next Device Upgrade","[mdsIST, mds]","Failed",
"TC_MDS_UPGRADE-MultiLine-ALL-MSA-MPP-02","Redirect to accessory service recommender page with selected device contract for 3rd device","[mdsIST, mds]","Failed",
"TC_MDS_UPGRADE-tablet-iPad-NoAnnualContract-Mobileshare-MDPP-Insurance-IRU_03","Getting recommendations for selected sku","[mdsIST, mds]","Failed",
"TC_MDS_UPGRADE-tablet-iPad-2year-Mobileshare-MPP-Insurance-IRU_04","Getting recommendations for selected sku","[mdsIST, mds]","Failed",
"TC_MDS_UPGRADE-tablet-iPad-2year-Mobileshare-MI-Insurance-IRU_05","Getting recommendations for selected sku","[mdsIST, mds]","Failed",
"TC_MDS_UPGRADE-tablet-iPad-2year-Mobileshare-MDPP-Insurance-IRU_06","Getting recommendations for selected sku","[mdsIST, mds]","Failed",
"TC_MDS_UPGRADE-iPhone-NoAnnualContact-MobileSharePlan-MPP-att-next_03","call cellphones page login","[mdsIST, mds]","Failed",
"TC_MDS_UPGRADE-iPhone-FamilyTalk-MDPP-att-next-every-year_01","Fetch Payment Details - Payment Service","[mdsIST, mds]","Failed",
"TC_MDS_UPGRADE-iPhone-FamilyTalk-MDPP-att-next-every-year_01","Preview Order Details","[mdsIST, mds]","Failed",
"TC_MDS_UPGRADE-iPhone-FamilyTalk-MDPP-att-next-every-year_01","Call CCC API for NACK validation post-order Submit","[mdsIST, mds]","Failed",
"TC_MDS_UPGRADE-iPhone-FamilyTalk-MI-att-next-every-year_02","call cellphones page login","[mdsIST, mds]","Failed",
"TC_MDS_UPGRADE-iPhone-FamilyTalk-MPP-att-next-every-year_03","Retrieving sku from catalog for recommended device","[mdsIST, mds]","Failed",
"TC_MDS_UPGRADE-Ipad-2YearContract-Individual-MPP-10","check profile","[mdsIST, mds]","Failed",
"TC_MDS_UPGRADE-Ipad-2YearContract-Individual-MPP-10","Redirect to accessory service recommender page","[mdsIST, mds]","Failed",
"TC_MDS_UPGRADE-Ipad-2YearContract-Individual-MPP-10","Getting the cart information","[mdsIST, mds]","Failed",
"TC_MDS_UPGRADE-Ipad-2YearContract-Individual-MPP-10","Call CCC API for NACK Pre Order Check","[mdsIST, mds]","Failed",
"TC_MDS_UPGRADE-Ipad-2YearContract-Individual-MPP-10","check profile","[mdsIST, mds]","Failed",
"TC_MDS_UPGRADE-Ipad-2YearContract-Individual-MPP-10","Redirect to accessory service recommender page","[mdsIST, mds]","Failed",
"TC_MDS_UPGRADE-Ipad-2YearContract-Individual-MPP-10","Getting the cart information","[mdsIST, mds]","Failed",
"TC_MDS_UPGRADE-Ipad-2YearContract-Individual-MI-11","get tatsCookie","[mdsIST, mds]","Failed",
"TC_MDS_UPGRADE-Ipad-2YearContract-Individual-MI-11","call cellphones page login","[mdsIST, mds]","Failed",
"TC_MDS_UPGRADE-Ipad-2YearContract-Individual-MI-11","Redirect to accessory service recommender page","[mdsIST, mds]","Failed",
"TC_MDS_UPGRADE-Ipad-2YearContract-Individual-MI-11","Getting the cart information","[mdsIST, mds]","Failed",
"TC_MDS_UPGRADE-Ipad-2YearContract-Individual-MI-11","Call CCC API for NACK Pre Order Check","[mdsIST, mds]","Failed",
"TC_MDS_UPGRADE-Ipad-2YearContract-Individual-MDPP-12","check profile","[mdsIST, mds]","Failed",
"TC_MDS_UPGRADE-Ipad-2YearContract-Individual-MDPP-12","Retrieving sku from catalog for recommended device","[mdsIST, mds]","Failed",
"TC_MDS_UPGRADE-Ipad-InstallmentPlan-Individual-MPP-13","call cellphones page login","[mdsIST, mds]","Failed",
"TC_MDS_UPGRADE-Ipad-InstallmentPlan-Individual-MPP-13","check profile","[mdsIST, mds]","Failed",
"TC_MDS_UPGRADE-Ipad-InstallmentPlan-Individual-MPP-13","Redirect to accessory service recommender page","[mdsIST, mds]","Failed",
"TC_MDS_UPGRADE-Ipad-InstallmentPlan-Individual-MPP-13","Getting the cart information","[mdsIST, mds]","Failed",
"TC_MDS_UPGRADE-Ipad-InstallmentPlan-Individual-MPP-13","Call CCC API for NACK Pre Order Check","[mdsIST, mds]","Failed",
"TC_MDS_UPGRADE-iPhone-NoAnnualContact-Individual-MPP-att-next_02","Get cart details","[mdsIST, mds]","Failed",
"TC_MDS_UPGRADE-iPhone-NoAnnualContact-Individual-MPP-att-next_02","PreCheckout data","[mdsIST, mds]","Failed",
"TC_MDS_UPGRADE-iPhone-NoAnnualContact-Individual-MPP-att-next_02","Post PersonalInfo Details - PersonalInfo Service","[mdsIST, mds]","Failed",
"TC_MDS_UPGRADE-iPhone-NoAnnualContact-Individual-MPP-att-next_02","Fetch PersonalInfo Details - PersonalInfo Service","[mdsIST, mds]","Failed",
"TC_MDS_UPGRADE-iPhone-NoAnnualContact-Individual-MPP-att-next_02","Post Address Details - Address Service","[mdsIST, mds]","Failed",
"TC_MDS_UPGRADE-iPhone-NoAnnualContact-Individual-MPP-att-next_02","Fetch Address Details - Address Service","[mdsIST, mds]","Failed",
"TC_MDS_UPGRADE-iPhone-NoAnnualContact-Individual-MPP-att-next_02","Post NumberSelection Details","[mdsIST, mds]","Failed",
"TC_MDS_UPGRADE-iPhone-NoAnnualContact-Individual-MPP-att-next_02","Post Payment Details - Payment Service","[mdsIST, mds]","Failed",
"TC_MDS_UPGRADE-iPhone-NoAnnualContact-Individual-MPP-att-next_02","Fetch Payment Details - Payment Service","[mdsIST, mds]","Failed",
"TC_MDS_UPGRADE-iPhone-NoAnnualContact-Individual-MPP-att-next_02","Fetch Terms Details - Terms Service","[mdsIST, mds]","Failed",
"TC_MDS_UPGRADE-iPhone-NoAnnualContact-Individual-MPP-att-next_02","Post BillingPreference Details","[mdsIST, mds]","Failed",
"TC_MDS_UPGRADE-iPhone-NoAnnualContact-Individual-MPP-att-next_02","ThankYou Page Details","[mdsIST, mds]","Failed",
"TC_MDS_UPGRADE-iPhone-NoAnnualContact-Individual-MPP-att-next_02","Call CCC API for NACK validation post-order Submit","[mdsIST, mds]","Failed",
"TC_MDS_UPGRADE-Ipad-InstallmentPlan-Individual-MI-14","check profile","[mdsIST, mds]","Failed",
"TC_MDS_UPGRADE-Ipad-InstallmentPlan-Individual-MI-14","Redirect to accessory service recommender page","[mdsIST, mds]","Failed",
"TC_MDS_UPGRADE-Ipad-InstallmentPlan-Individual-MI-14","Getting the cart information","[mdsIST, mds]","Failed",
"TC_MDS_UPGRADE-Ipad-InstallmentPlan-Individual-MI-14","Call CCC API for NACK Pre Order Check","[mdsIST, mds]","Failed",
"TC_MDS_UPGRADE-Ipad-InstallmentPlan-Individual-MI-14","Get cart details","[mdsIST, mds]","Failed",
"TC_MDS_UPGRADE-Ipad-InstallmentPlan-Individual-MI-14","PreCheckout data","[mdsIST, mds]","Failed",
"TC_MDS_UPGRADE-Ipad-InstallmentPlan-Individual-MI-14","Post PersonalInfo Details - PersonalInfo Service","[mdsIST, mds]","Failed",
"TC_MDS_UPGRADE-Ipad-InstallmentPlan-Individual-MI-14","Fetch PersonalInfo Details - PersonalInfo Service","[mdsIST, mds]","Failed",
"TC_MDS_UPGRADE-Ipad-InstallmentPlan-Individual-MI-14","Post Address Details - Address Service","[mdsIST, mds]","Failed",
"TC_MDS_UPGRADE-Ipad-InstallmentPlan-Individual-MI-14","Fetch Address Details - Address Service","[mdsIST, mds]","Failed",
"TC_MDS_UPGRADE-Ipad-InstallmentPlan-Individual-MI-14","Post NumberSelection Details","[mdsIST, mds]","Failed",
"TC_MDS_UPGRADE-Ipad-InstallmentPlan-Individual-MI-14","Post Payment Details - Payment Service","[mdsIST, mds]","Failed",
"TC_MDS_UPGRADE-Ipad-InstallmentPlan-Individual-MI-14","Fetch Payment Details - Payment Service","[mdsIST, mds]","Failed",
"TC_MDS_UPGRADE-Ipad-InstallmentPlan-Individual-MI-14","Get BillingPreference Details","[mdsIST, mds]","Failed",
"TC_MDS_UPGRADE-Ipad-InstallmentPlan-Individual-MI-14","Preview Order Details","[mdsIST, mds]","Failed",
"TC_MDS_UPGRADE-Ipad-InstallmentPlan-Individual-MI-14","Call CCC API for NACK validation post-order Submit","[mdsIST, mds]","Failed",
"TC_MDS_UPGRADE-Ipad-InstallmentPlan-Individual-MDPP-15","check profile","[mdsIST, mds]","Failed",
"TC_MDS_UPGRADE-Ipad-InstallmentPlan-Individual-MDPP-15","Retrieving sku from catalog for recommended device","[mdsIST, mds]","Failed",
"TC_MDS_UPGRADE-iPhone-NoAnnualContact-FamilyTalk-MPP-att-next-dev_01","get tatsCookie","[mdsIST, mds]","Failed",
"TC_MDS_UPGRADE-iPhone-NoAnnualContact-FamilyTalk-MPP-att-next-dev_01","Get cart details","[mdsIST, mds]","Failed",
"TC_MDS_UPGRADE-iPhone-NoAnnualContact-FamilyTalk-MPP-att-next-dev_01","PreCheckout data","[mdsIST, mds]","Failed",
"TC_MDS_UPGRADE-iPhone-NoAnnualContact-FamilyTalk-MPP-att-next-dev_01","Post PersonalInfo Details - PersonalInfo Service","[mdsIST, mds]","Failed",
"TC_MDS_UPGRADE-iPhone-NoAnnualContact-FamilyTalk-MPP-att-next-dev_01","Fetch PersonalInfo Details - PersonalInfo Service","[mdsIST, mds]","Failed",
"TC_MDS_UPGRADE-iPhone-NoAnnualContact-FamilyTalk-MPP-att-next-dev_01","Post Address Details - Address Service","[mdsIST, mds]","Failed",
"TC_MDS_UPGRADE-iPhone-NoAnnualContact-FamilyTalk-MPP-att-next-dev_01","Fetch Address Details - Address Service","[mdsIST, mds]","Failed",
"TC_MDS_UPGRADE-iPhone-NoAnnualContact-FamilyTalk-MPP-att-next-dev_01","Post NumberSelection Details","[mdsIST, mds]","Failed",
"TC_MDS_UPGRADE-iPhone-NoAnnualContact-FamilyTalk-MPP-att-next-dev_01","Post Payment Details - Payment Service","[mdsIST, mds]","Failed",
"TC_MDS_UPGRADE-iPhone-NoAnnualContact-FamilyTalk-MPP-att-next-dev_01","Fetch Payment Details - Payment Service","[mdsIST, mds]","Failed",
"TC_MDS_UPGRADE-iPhone-NoAnnualContact-FamilyTalk-MPP-att-next-dev_01","Fetch Terms Details - Terms Service","[mdsIST, mds]","Failed",
"TC_MDS_UPGRADE-iPhone-NoAnnualContact-FamilyTalk-MPP-att-next-dev_01","Get BillingPreference Details","[mdsIST, mds]","Failed",
"TC_MDS_UPGRADE-iPhone-NoAnnualContact-FamilyTalk-MPP-att-next-dev_01","Preview Order Details","[mdsIST, mds]","Failed",
"TC_MDS_UPGRADE-iPhone-NoAnnualContact-FamilyTalk-MPP-att-next-dev_01","ThankYou Page Details","[mdsIST, mds]","Failed",
"TC_MDS_UPGRADE-iPhone-NoAnnualContact-FamilyTalk-MPP-att-next-dev_01","Call CCC API for NACK validation post-order Submit","[mdsIST, mds]","Failed",
"TC_MDS_UPGRADE-MultiLine-Enable-Disable_03","Getting selected device for 2nd upgrade device","[mdsIST, mds]","Failed",
"TC_MDS_UPGRADE-MultiLine-Enable-Disable_03","Get cart details","[mdsIST, mds]","Failed",
"TC_MDS_UPGRADE-MultiLine-Enable-Disable_03","PreCheckout data","[mdsIST, mds]","Failed",
"TC_MDS_UPGRADE-MultiLine-Enable-Disable_03","Post PersonalInfo Details - PersonalInfo Service","[mdsIST, mds]","Failed",
"TC_MDS_UPGRADE-MultiLine-Enable-Disable_03","Fetch PersonalInfo Details - PersonalInfo Service","[mdsIST, mds]","Failed",
"TC_MDS_UPGRADE-MultiLine-Enable-Disable_03","Post Address Details - Address Service","[mdsIST, mds]","Failed",
"TC_MDS_UPGRADE-MultiLine-Enable-Disable_03","Fetch Address Details - Address Service","[mdsIST, mds]","Failed",
"TC_MDS_UPGRADE-MultiLine-Enable-Disable_03","Post NumberSelection Details","[mdsIST, mds]","Failed",
"TC_MDS_UPGRADE-MultiLine-Enable-Disable_03","Post Payment Details - Payment Service","[mdsIST, mds]","Failed",
"TC_MDS_UPGRADE-MultiLine-Enable-Disable_03","Fetch Payment Details - Payment Service","[mdsIST, mds]","Failed",
"TC_MDS_UPGRADE-MultiLine-Enable-Disable_03","Fetch Terms Details - Terms Service","[mdsIST, mds]","Failed",
"TC_MDS_UPGRADE-MultiLine-Enable-Disable_03","Preview Order Details","[mdsIST, mds]","Failed",
"TC_MDS_UPGRADE-MultiLine-Enable-Disable_03","ThankYou Page Details","[mdsIST, mds]","Failed",
"TC_MDS_UPGRADE-MultiLine-Enable-Disable_03","Call CCC API for NACK validation post-order Submit","[mdsIST, mds]","Failed",
"TC_MDS_UPGRADE-MultiLine-Pay-Off-Cancel-Payment_02","Get cart details","[mdsIST, mds]","Failed",
"TC_MDS_UPGRADE-MultiLine-Pay-Off-Cancel-Payment_02","PreCheckout data","[mdsIST, mds]","Failed",
"TC_MDS_UPGRADE-MultiLine-Pay-Off-Cancel-Payment_02","Post PersonalInfo Details - PersonalInfo Service","[mdsIST, mds]","Failed",
"TC_MDS_UPGRADE-MultiLine-Pay-Off-Cancel-Payment_02","Fetch PersonalInfo Details - PersonalInfo Service","[mdsIST, mds]","Failed",
"TC_MDS_UPGRADE-MultiLine-Pay-Off-Cancel-Payment_02","Post Address Details - Address Service","[mdsIST, mds]","Failed",
"TC_MDS_UPGRADE-MultiLine-Pay-Off-Cancel-Payment_02","Fetch Address Details - Address Service","[mdsIST, mds]","Failed",
"TC_MDS_UPGRADE-MultiLine-Pay-Off-Cancel-Payment_02","Post NumberSelection Details","[mdsIST, mds]","Failed",
"TC_MDS_UPGRADE-MultiLine-Pay-Off-Cancel-Payment_02","Post BillingPreference Details","[mdsIST, mds]","Failed",
"TC_MDS_UPGRADE-MultiLine-Pay-Off-Cancel-Payment_02","Preview Order Details","[mdsIST, mds]","Failed",
"TC_MDS_UPGRADE-MultiLine-Pay-Off-Cancel-Payment_02","ThankYou Page Details","[mdsIST, mds]","Failed",
"TC_MDS_UPGRADE-MultiLine-Pay-Off_01","get tatsCookie","[mdsIST, mds]","Failed",
"TC_MDS_UPGRADE-MultiLine-MixedCart-withaccessory_01","Next Device Upgrade","[mdsIST, mds]","Failed",
"TC_MDS_UPGRADE-MultiLine-MixedCart-withaccessory_01","Getting Selected Upline","[mdsIST, mds]","Failed",
"TC_MDS_UPGRADE-MultiLine-MixedCart-withaccessory_01","Redirect to accessory service recommender page with selected device contract","[mdsIST, mds]","Failed",
"TC_MDS_UPGRADE-MultiLine-MixedCart-withaccessory_01","Get Insurance(MI)","[mdsIST, mds]","Failed",
"TC_MDS_UPGRADE-MultiLine-MixedCart-withaccessory_01","Get Accessory offer device","[mdsIST, mds]","Failed",
"TC_MDS_UPGRADE-MultiLine-MixedCart-withaccessory_01","Call CCC API for NACK Pre Order Check","[mdsIST, mds]","Failed",
"TC_MDS_UPGRADE-MultiLine-MixedCart-withaccessory_01","Fetch Payment Details - Payment Service","[mdsIST, mds]","Failed",
"TC_MDS_UPGRADE-MultiLine-MixedCart-withaccessory_01","Preview Order Details","[mdsIST, mds]","Failed",
"TC_MDS_UPGRADE-MultiLine-MixedCart-withaccessory_01","Call CCC API for NACK validation post-order Submit","[mdsIST, mds]","Failed",
"TC_UPGRADE-MultiLine-PayUP-OrderComplit-WithTrade_In_01","Express Upgrade","[mdsIST, mds]","Failed",
"TC_UPGRADE-MultiLine-PayUP-OrderComplit-WithTrade_In_01","Trade-In device selection","[mdsIST, mds]","Failed",
"TC_UPGRADE-MultiLine-PayUP-OrderComplit-WithTrade_In_01","Call CCC API for NACK Pre Order Check","[mdsIST, mds]","Failed",
"TC_UPGRADE-MultiLine-PayUP-OrderComplit-WithTrade_In_01","Get cart details","[mdsIST, mds]","Failed",
"TC_UPGRADE-MultiLine-PayUP-OrderComplit-WithTrade_In_01","PreCheckout data","[mdsIST, mds]","Failed",
"TC_UPGRADE-MultiLine-PayUP-OrderComplit-WithTrade_In_01","Post PersonalInfo Details - PersonalInfo Service","[mdsIST, mds]","Failed",
"TC_UPGRADE-MultiLine-PayUP-OrderComplit-WithTrade_In_01","Fetch PersonalInfo Details - PersonalInfo Service","[mdsIST, mds]","Failed",
"TC_UPGRADE-MultiLine-PayUP-OrderComplit-WithTrade_In_01","Post Address Details - Address Service","[mdsIST, mds]","Failed",
"TC_UPGRADE-MultiLine-PayUP-OrderComplit-WithTrade_In_01","Fetch Address Details - Address Service","[mdsIST, mds]","Failed",
"TC_UPGRADE-MultiLine-PayUP-OrderComplit-WithTrade_In_01","Post NumberSelection Details","[mdsIST, mds]","Failed",
"TC_UPGRADE-MultiLine-PayUP-OrderComplit-WithTrade_In_01","Post Payment Details - Payment Service","[mdsIST, mds]","Failed",
"TC_UPGRADE-MultiLine-PayUP-OrderComplit-WithTrade_In_01","Fetch Payment Details - Payment Service","[mdsIST, mds]","Failed",
"TC_UPGRADE-MultiLine-PayUP-OrderComplit-WithTrade_In_01","Fetch Terms Details - Terms Service","[mdsIST, mds]","Failed",
"TC_UPGRADE-MultiLine-PayUP-OrderComplit-WithTrade_In_01","Post BillingPreference Details","[mdsIST, mds]","Failed",
"TC_UPGRADE-MultiLine-PayUP-OrderComplit-WithTrade_In_01","Preview Order Details","[mdsIST, mds]","Failed",
"TC_UPGRADE-MultiLine-PayUP-OrderComplit-WithTrade_In_01","ThankYou Page Details","[mdsIST, mds]","Failed",
"TC_UPGRADE-MultiLine-PayUP-OrderComplit-WithTrade_In_01","Call CCC API for NACK validation post-order Submit","[mdsIST, mds]","Failed",
"TC_UPGRADE-MultiLine-PayUP-WithContractDevice_01","Express Upgrade","[mdsIST, mds]","Failed",
"TC_UPGRADE-MultiLine-PayUP-WithContractDevice_01","Trade-In device selection","[mdsIST, mds]","Failed",
"TC_UPGRADE-MultiLine-PayUP-WithContractDevice_01","Getting All device list with price","[mdsIST, mds]","Failed",
"TC_UPGRADE-MultiLine-PayUP-WithContractDevice_01","Get cart details","[mdsIST, mds]","Failed",
"TC_UPGRADE-MultiLine-PayUP-WithContractDevice_01","Fetch Terms Details - Terms Service","[mdsIST, mds]","Failed",
"TC_UPGRADE-MultiLine-PayUP-WithContractDevice_01","Preview Order Details","[mdsIST, mds]","Failed",
"TC_UPGRADE-MultiLine-PayUP-WithContractDevice_01","Call CCC API for NACK validation post-order Submit","[mdsIST, mds]","Failed",
"TC_MDS_UPGRADE-SingleLine-Accessories-MixedCart-withoutAAL-Accessories_01","Getting Selected Upline","[mdsIST, mds]","Failed",
"TC_MDS_UPGRADE-SingleLine-Accessories-MixedCart-withoutAAL-Accessories_01","Get Insurance(MPP)","[mdsIST, mds]","Failed",
"TC_MDS_UPGRADE-SingleLine-Accessories-MixedCart-withoutAAL-Accessories_01","Update Shipping method","[mdsIST, mds]","Failed",
"TC_MDS_UPGRADE-SingleLine-Accessories-MixedCart-withoutAAL-Accessories_01","Call CCC API for NACK validation post-order Submit","[mdsIST, mds]","Failed",
"TC_MDS_UPGRADE-SingleLine-Accessories-MixedCart-withAAL-Accessories_02","Getting Selected Upline","[mdsIST, mds]","Failed",
"TC_MDS_UPGRADE-SingleLine-Accessories-MixedCart-withAAL-Accessories_02","Get Insurance(MI)","[mdsIST, mds]","Failed",
"TC_MDS_UPGRADE-SingleLine-Accessories-MixedCart-withAAL-Accessories_02","Get Accessory offer device","[mdsIST, mds]","Failed",
"TC_MDS_UPGRADE-SingleLine-Accessories-MixedCart-withAAL-Accessories_02","Call CCC API for NACK validation post-order Submit","[mdsIST, mds]","Failed",
"TC_MDS_UPGRADE-SingleLine-Accessories-MixedCart-withAAL-MPP-Accessories_02","Getting Selected Upline","[mdsIST, mds]","Failed",
"TC_MDS_UPGRADE-SingleLine-Accessories-MixedCart-withAAL-MPP-Accessories_02","Get Insurance(MPP)","[mdsIST, mds]","Failed",
"TC_MDS_UPGRADE-SingleLine-Accessories-MixedCart-withAAL-MPP-Accessories_02","Getting both Device details with Insurance(MI) and Accessory for mixed","[mdsIST, mds]","Failed",
"TC_MDS_UPGRADE-SingleLine-Accessories-MixedCart-withAAL-MPP-Accessories_02","Call CCC API for NACK Pre Order Check","[mdsIST, mds]","Failed",
"TC_MDS_UPGRADE-MultiLine-UP1-withAcceptMixed-UP2-withAcceptMixed-UP3-withNotComeMixedCart_01","Getting Selected Upline","[mdsIST, mds]","Failed",
"TC_MDS_UPGRADE-MultiLine-UP1-withAcceptMixed-UP2-withAcceptMixed-UP3-withNotComeMixedCart_01","Getting Selected Upline","[mdsIST, mds]","Failed",
"TC_MDS_UPGRADE-MultiLine-UP1-withAcceptMixed-UP2-withAcceptMixed-UP3-withNotComeMixedCart_01","Call CCC API for NACK validation post-order Submit","[mdsIST, mds]","Failed",
"TC_MDS_UPGRADE-MultiLine-UP1-withAcceptMixed-UP2-withNotAcceptMixed-UP3-withNotComeMixedCart_02","Getting Selected Upline","[mdsIST, mds]","Failed",
"TC_MDS_UPGRADE-MultiLine-UP1-withAcceptMixed-UP2-withNotAcceptMixed-UP3-withNotComeMixedCart_02","Get cart details","[mdsIST, mds]","Failed",
"TC_MDS_UPGRADE-MultiLine-UP1-withAcceptMixed-UP2-withNotAcceptMixed-UP3-withNotComeMixedCart_02","PreCheckout data","[mdsIST, mds]","Failed",
"TC_MDS_UPGRADE-MultiLine-UP1-withAcceptMixed-UP2-withNotAcceptMixed-UP3-withNotComeMixedCart_02","Post PersonalInfo Details - PersonalInfo Service","[mdsIST, mds]","Failed",
"TC_MDS_UPGRADE-MultiLine-UP1-withAcceptMixed-UP2-withNotAcceptMixed-UP3-withNotComeMixedCart_02","Fetch PersonalInfo Details - PersonalInfo Service","[mdsIST, mds]","Failed",
"TC_MDS_UPGRADE-MultiLine-UP1-withAcceptMixed-UP2-withNotAcceptMixed-UP3-withNotComeMixedCart_02","Post Address Details - Address Service","[mdsIST, mds]","Failed",
"TC_MDS_UPGRADE-MultiLine-UP1-withAcceptMixed-UP2-withNotAcceptMixed-UP3-withNotComeMixedCart_02","Fetch Address Details - Address Service","[mdsIST, mds]","Failed",
"TC_MDS_UPGRADE-MultiLine-UP1-withAcceptMixed-UP2-withNotAcceptMixed-UP3-withNotComeMixedCart_02","Post NumberSelection Details","[mdsIST, mds]","Failed",
"TC_MDS_UPGRADE-MultiLine-UP1-withAcceptMixed-UP2-withNotAcceptMixed-UP3-withNotComeMixedCart_02","Post Payment Details - Payment Service","[mdsIST, mds]","Failed",
"TC_MDS_UPGRADE-MultiLine-UP1-withAcceptMixed-UP2-withNotAcceptMixed-UP3-withNotComeMixedCart_02","Fetch Payment Details - Payment Service","[mdsIST, mds]","Failed",
"TC_MDS_UPGRADE-MultiLine-UP1-withAcceptMixed-UP2-withNotAcceptMixed-UP3-withNotComeMixedCart_02","Post BillingPreference Details","[mdsIST, mds]","Failed",
"TC_MDS_UPGRADE-MultiLine-UP1-withAcceptMixed-UP2-withNotAcceptMixed-UP3-withNotComeMixedCart_02","Preview Order Details","[mdsIST, mds]","Failed",
"TC_MDS_UPGRADE-MultiLine-UP1-withAcceptMixed-UP2-withNotAcceptMixed-UP3-withNotComeMixedCart_02","Call CCC API for NACK validation post-order Submit","[mdsIST, mds]","Failed",
"TC_MDS_UPGRADE-MultiLine-UP1-withNotAcceptMixed-UP2-withNotAcceptMixed-UP3-withNotComeMixedCart_03","Redirect to accessory service recommender page with selected device contract","[mdsIST, mds]","Failed",
"TC_MDS_UPGRADE-MultiLine-UP1-withNotAcceptMixed-UP2-withNotAcceptMixed-UP3-withNotComeMixedCart_03","Getting All details in LOSG for 1st Device upgrade","[mdsIST, mds]","Failed",
"TC_MDS_UPGRADE-MultiLine-UP1-withNotAcceptMixed-UP2-withNotAcceptMixed-UP3-withNotComeMixedCart_03","Get Insurance(MI)","[mdsIST, mds]","Failed",
"TC_MDS_UPGRADE-MultiLine-UP1-withNotAcceptMixed-UP2-withNotAcceptMixed-UP3-withNotComeMixedCart_03","Getting All details in LOSG for Device,insurance(MI) and accessory","[mdsIST, mds]","Failed",
"TC_MDS_UPGRADE-MultiLine-UP1-withNotAcceptMixed-UP2-withNotAcceptMixed-UP3-withNotComeMixedCart_03","Getting both Device details with Insurance(MI) and Accessory for mixed","[mdsIST, mds]","Failed",
"TC_MDS_UPGRADE-MultiLine-UP1-withNotAcceptMixed-UP2-withNotAcceptMixed-UP3-withNotComeMixedCart_03","Getting Selected Upline for 2nd device upgrade","[mdsIST, mds]","Failed",
"TC_MDS_UPGRADE-MultiLine-UP1-withNotAcceptMixed-UP2-withNotAcceptMixed-UP3-withNotComeMixedCart_03","Getting All details in LOSG for 2nd Device upgrade","[mdsIST, mds]","Failed",
"TC_MDS_UPGRADE-MultiLine-UP1-withNotAcceptMixed-UP2-withNotAcceptMixed-UP3-withNotComeMixedCart_03","Getting All details in LOSG for Device,insurance(MI) and accessory","[mdsIST, mds]","Failed",
"TC_MDS_UPGRADE-MultiLine-UP1-withNotAcceptMixed-UP2-withNotAcceptMixed-UP3-withNotComeMixedCart_03","Getting both Device details with Insurance(MI) and Accessory for mixed","[mdsIST, mds]","Failed",
"TC_MDS_UPGRADE-MultiLine-UP1-withNotAcceptMixed-UP2-withNotAcceptMixed-UP3-withNotComeMixedCart_03","Next Device Upgrade 3rd device","[mdsIST, mds]","Failed",
"TC_MDS_UPGRADE-MultiLine-UP1-withNotAcceptMixed-UP2-withNotAcceptMixed-UP3-withNotComeMixedCart_03","Getting Selected Upline for 3rd device","[mdsIST, mds]","Failed",
"TC_MDS_UPGRADE-MultiLine-UP1-withNotAcceptMixed-UP2-withNotAcceptMixed-UP3-withNotComeMixedCart_03","Getting All details in LOSG for all Device upgrade","[mdsIST, mds]","Failed",
"TC_MDS_UPGRADE-MultiLine-UP1-withNotAcceptMixed-UP2-withNotAcceptMixed-UP3-withNotComeMixedCart_03","Getting All details in LOSG for Device,insurance(MI) and accessory","[mdsIST, mds]","Failed",
"TC_MDS_UPGRADE-MultiLine-MixedCart-with_NumberSelection_01","Getting Selected Upline for 2nd device upgrade","[mdsIST, mds]","Failed",
"TC_MDS_UPGRADE-MultiLine-MixedCart-with_NumberSelection_01","upsell-offer First Device start","[mdsIST, mds]","Failed",
"TC_MDS_UPGRADE-MultiLine-MixedCart-with_NumberSelection_01","Getting Selected Upline","[mdsIST, mds]","Failed",
"TC_MDS_UPGRADE-MultiLine-MixedCart-with_NumberSelection_01","Submit Order Details","[mdsIST, mds]","Failed",
"TC_MDS_UPGRADE-MultiLine-MixedCart-with_NumberSelection_01","ThankYou Page Details","[mdsIST, mds]","Failed",
"TC_MDS_UPGRADE-MultiLine-MixedCart-with_NumberSelection_01","Call CCC API for NACK validation post-order Submit","[mdsIST, mds]","Failed",
"TC_MDS_UPGRADE-MultiLine-MixedCart-without_NumberSelection_01","Getting Selected Upline for 2nd device upgrade","[mdsIST, mds]","Failed",
"TC_MDS_UPGRADE-MultiLine-MixedCart-without_NumberSelection_01","upsell-offer First Device start","[mdsIST, mds]","Failed",
"TC_MDS_UPGRADE-MultiLine-MixedCart-without_NumberSelection_01","Getting Selected Upline","[mdsIST, mds]","Failed",
"TC_MDS_UPGRADE-Ipad-NoAnnualContract-Mobileshare-MPP-04","Call CCC API for NACK Pre Order Check","[mdsIST, mds]","Failed",
"TC_MDS_UPGRADE-Ipad-NoAnnualContract-Mobileshare-MI-05","Call CCC API for NACK Pre Order Check","[mdsIST, mds]","Failed",
"TC_MDS_UPGRADE-Ipad-NoAnnualContract-Mobileshare-MDPP-06","Call CCC API for NACK Pre Order Check","[mdsIST, mds]","Failed",
"TC_MDS_UPGRADE-Ipad-2YearContract-Mobileshare-MPP-01","Express Upgrade","[mdsIST, mds]","Failed",
"TC_MDS_UPGRADE-Ipad-NoAnnualContract-Individual-MDPP-18","login in progress for wireless login","[mdsIST, mds]","Failed",
"TC_MDS_UPGRADE-Ipad-NoAnnualContract-Individual-MDPP-18","check profile","[mdsIST, mds]","Failed",
"TC_MDS_UPGRADE-Ipad-NoAnnualContract-Individual-MDPP-18","Redirect to accessory service recommender page","[mdsIST, mds]","Failed",
"TC_MDS_UPGRADE-Ipad-NoAnnualContract-Individual-MDPP-18","Getting the cart information","[mdsIST, mds]","Failed",
"TC_MDS_UPGRADE-Ipad-NoAnnualContract-Individual-MDPP-18","Call CCC API for NACK Pre Order Check","[mdsIST, mds]","Failed",
"TC_MDS_UPGRADE-Ipad-NoAnnualContract-Individual-MI-17","check profile","[mdsIST, mds]","Failed",
"TC_MDS_UPGRADE-Ipad-NoAnnualContract-Individual-MI-17","Call CCC API for NACK Pre Order Check","[mdsIST, mds]","Failed",
"TC_MDS_UPGRADE-Ipad-NoAnnualContract-Individual-MPP-16","check profile","[mdsIST, mds]","Failed",
"TC_MDS_UPGRADE-Ipad-NoAnnualContract-Individual-MPP-16","Redirect to accessory service recommender page","[mdsIST, mds]","Failed",
"TC_MDS_UPGRADE-Ipad-NoAnnualContract-Individual-MPP-16","Getting the cart information","[mdsIST, mds]","Failed",
"TC_MDS_UPGRADE-Ipad-NoAnnualContract-Individual-MPP-16","Call CCC API for NACK Pre Order Check","[mdsIST, mds]","Failed",
"TC_MDS_UPGRADE-Ipad-InstallmentPlan-Mobileshare-MPP-07","Call CCC API for NACK Pre Order Check","[mdsIST, mds]","Failed",
"TC_MDS_UPGRADE-Ipad-InstallmentPlan-Mobileshare-MPP-07","Fetch PersonalInfo Details - PersonalInfo Service","[mdsIST, mds]","Failed",
"TC_MDS_UPGRADE-Ipad-InstallmentPlan-Mobileshare-MPP-07","Preview Order Details","[mdsIST, mds]","Failed",
"TC_MDS_UPGRADE-Ipad-InstallmentPlan-Mobileshare-MPP-07","Call CCC API for NACK validation post-order Submit","[mdsIST, mds]","Failed",
"TC_MDS_UPGRADE-Ipad-InstallmentPlan-Mobileshare-MI-08","Getting the cart information","[mdsIST, mds]","Failed",
"TC_MDS_UPGRADE-Ipad-InstallmentPlan-Mobileshare-MI-08","Call CCC API for NACK Pre Order Check","[mdsIST, mds]","Failed",
"TC_MDS_UPGRADE-Ipad-InstallmentPlan-Mobileshare-MDPP-09","Retrieving sku from catalog for recommended device","[mdsIST, mds]","Failed",
"TC_MDS_UPGRADE-Ipad-2YearContract-Mobileshare-MI-02","login in progress for wireless login","[mdsIST, mds]","Failed",
"TC_MDS_UPGRADE-Ipad-2YearContract-Mobileshare-MI-02","Redirect to accessory service recommender page","[mdsIST, mds]","Failed",
"TC_MDS_UPGRADE-Ipad-2YearContract-Mobileshare-MDPP-03","call cellphones page login","[mdsIST, mds]","Failed",
"TC_MDS_UPGRADE-Ipad-2YearContract-Mobileshare-MDPP-03","Getting the cart information","[mdsIST, mds]","Failed",
"TC_MDS_UPGRADE-Ipad-2YearContract-Mobileshare-MDPP-03","Call CCC API for NACK Pre Order Check","[mdsIST, mds]","Failed",
"TC_MDS_UPGRADE-tablet-iPad-NoAnnualContract-Individual-MI-Insurance-IRU_02","Redirect to accessory service recommender page","[mdsIST, mds]","Failed",
"TC_MDS_UPGRADE-tablet-iPad-NoAnnualContract-Individual-MI-Insurance-IRU_02","Getting the cart information","[mdsIST, mds]","Failed",
"TC_MDS_UPGRADE-tablet-iPad-NoAnnualContract-Individual-MPP-Insurance-IRU_01","Redirect to accessory service recommender page","[mdsIST, mds]","Failed",
"TC_MDS_UPGRADE-tablet-iPad-NoAnnualContract-Individual-MPP-Insurance-IRU_01","Getting the cart information","[mdsIST, mds]","Failed",
"TC_MDS_UPGRADE-tablet-iPad-NoAnnualContract-Individual-MDPP-Insurance-IRU_03","Redirect to accessory service recommender page","[mdsIST, mds]","Failed",
"TC_MDS_UPGRADE-tablet-iPad-NoAnnualContract-Individual-MDPP-Insurance-IRU_03","Getting the cart information","[mdsIST, mds]","Failed",
"TC_MDS_UPGRADE-Tablet-iPad-MobileShare-MDPP-InstallmentPlan-20months-IRU_01","Redirect to accessory service recommender page","[mdsIST, mds]","Failed",
"TC_MDS_UPGRADE-Tablet-iPad-MobileShare-MDPP-InstallmentPlan-20months-IRU_01","Getting Express Upgrade Insurance Features","[mdsIST, mds]","Failed",
"TC_MDS_UPGRADE-Tablet-iPad-MobileShare-MDPP-InstallmentPlan-20months-IRU_01","Select MDPP and add it to the cart","[mdsIST, mds]","Failed",
"TC_MDS_UPGRADE-Tablet-iPad-MobileShare-MI-InstallmentPlan-20months-IRU_02","Getting Express Upgrade Insurance Features","[mdsIST, mds]","Failed",
"TC_MDS_UPGRADE-Tablet-iPad-MobileShare-MPP-InstallmentPlan-20months-IRU_03","Redirect to accessory service recommender page","[mdsIST, mds]","Failed",
"TC_MDS_UPGRADE-Tablet-iPad-MobileShare-MPP-InstallmentPlan-20months-IRU_03","Getting device product details of the upgraded device","[mdsIST, mds]","Failed",
"TC_MDS_UPGRADE-Tablet-iPad-MobileShare-MPP-InstallmentPlan-20months-IRU_03","Select MPP and add it to the cart","[mdsIST, mds]","Failed",
"TC_MDS_UPGRADE-Mix-Lin-3-withMixedCart-UL1-UL2_02","Getting Device SKU","[mdsIST, mds]","Failed",
"TC_MDS_UPGRADE-Mix-Lin-3-withMixedCart-UL1-UL2_02","Add Item and goto next Step for Mixed Cart","[mdsIST, mds]","Failed",
"TC_MDS_UPGRADE-Mix-Lin-3-withMixedCart-UL1-UL2_02","Configuring next upgrade line","[mdsIST, mds]","Failed",
"TC_MDS_UPGRADE-Mix-Lin-3-withMixedCart-UL1-UL2_02","Add Item and goto next Step for Mixed Cart","[mdsIST, mds]","Failed",
"TC_MDS_UPGRADE-Mix-Lin-3-withMixedCart-UL1_01","Getting iPhone Upgrade Eligibility with MobileShare plan type","[mdsIST, mds]","Failed",
"TC_MDS_UPGRADE-Mix-Lin-3-withMixedCart-UL1_01","Getting the List of the UXSell","[mdsIST, mds]","Failed",
"TC_MDS_UPGRADE-Mix-Lin-3-withMixedCart-UL1_01","Add Item and goto next Step for Mixed Cart","[mdsIST, mds]","Failed",
"TC_MDS_UPGRADE-Mix-Lin-3-withMixedCart-UL1_01","Add Item and goto next Step for Mixed Cart","[mdsIST, mds]","Failed",
"TC_MDS_UPGRADE-Mix-Lin-3-withMixedCart-UL1_01","Configuring next upgrade line","[mdsIST, mds]","Failed",
"TC_MDS_UPGRADE-Mix-Lin-3-withMixedCart-UL1_01","call cellphones page login","[mdsIST, mds]","Failed",
"TC_MDS_UPGRADE-Mix-Lin-3-withMixedCart-UL1_01","Configuring next upgrade line","[mdsIST, mds]","Failed",
"TC_MDS_UPGRADE-Mix-Lin-3-withMixedCart-UL1_01","Configuring next upgrade line","[mdsIST, mds]","Failed",
"TC_MDS_UPGRADE-Mix-Lin-3-withMixedCart-UL1_01","Getting device product details of the upgraded device","[mdsIST, mds]","Failed",
"TC_MDS_UPGRADE-Mix-Lin-3-withMixedCart-UL1_01","Cart Service for the Mixed cart","[mdsIST, mds]","Failed",
"TC_MDS_UPGRADE-Mix-Lin-3-withMixedCart-UL1_01","Express Upgrade","[mdsIST, mds]","Failed",
"TC_MDS_UPGRADE-Mix-Lin-3-withMixedCart-UL1_01","Configuring next upgrade line","[mdsIST, mds]","Failed",
"TC_MDS_UPGRADE-Mix-Lin-3-withMixedCart-UL1_01","Add Item And GoTo Next Step for 2nd line UP","[mdsIST, mds]","Failed",
"TC_MDS_UPGRADE-Mix-Lin-3-withMixedCart-UL1_01","Add Item and goto next Step for Mixed Cart","[mdsIST, mds]","Failed",
"TC_MDS_UPGRADE-Mix-Lin-3-withMixedCart-UL1_01","Cart Service for the Mixed cart","[mdsIST, mds]","Failed",
"TC_MDS_UPGRADE-tablet-iPad-2year-Individual-MPP-Insurance-IRU_04","Getting iPhone Upgrade Eligibility with MobileShare plan type","[mdsIST, mds]","Failed",
"TC_MDS_UPGRADE-tablet-iPad-2year-Individual-MPP-Insurance-IRU_04","Express Upgrade","[mdsIST, mds]","Failed",
"TC_MDS_UPGRADE-tablet-iPad-2year-Individual-MPP-Insurance-IRU_04","Getting Selected Upline","[mdsIST, mds]","Failed",
"TC_MDS_UPGRADE-tablet-iPad-2year-Individual-MPP-Insurance-IRU_04","Redirect to accessory service recommender page","[mdsIST, mds]","Failed",
"TC_MDS_UPGRADE-tablet-iPad-2year-Individual-MPP-Insurance-IRU_04","Getting the cart information","[mdsIST, mds]","Failed",
"TC_MDS_UPGRADE-tablet-iPad-2year-Individual-MPP-Insurance-IRU_04","Call CCC API for NACK validation post-order Submit","[mdsIST, mds]","Failed",
"TC_MDS_UPGRADE-tablet-iPad-2year-Individual-MI-Insurance-IRU_05","check profile","[mdsIST, mds]","Failed",
"TC_MDS_UPGRADE-tablet-iPad-2year-Individual-MI-Insurance-IRU_05","Getting iPhone Upgrade Eligibility with MobileShare plan type","[mdsIST, mds]","Failed",
"TC_MDS_UPGRADE-tablet-iPad-2year-Individual-MI-Insurance-IRU_05","Express Upgrade","[mdsIST, mds]","Failed",
"TC_MDS_UPGRADE-tablet-iPad-2year-Individual-MI-Insurance-IRU_05","Getting Selected Upline","[mdsIST, mds]","Failed",
"TC_MDS_UPGRADE-tablet-iPad-2year-Individual-MI-Insurance-IRU_05","Retrieving sku from catalog for recommended device","[mdsIST, mds]","Failed",
"TC_MDS_UPGRADE-tablet-iPad-2year-Individual-MI-Insurance-IRU_05","Select MI and add it to the cart","[mdsIST, mds]","Failed",
"TC_MDS_UPGRADE-tablet-iPad-2year-Individual-MDPP-Insurance-IRU_06","check profile","[mdsIST, mds]","Failed",
"TC_MDS_UPGRADE-tablet-iPad-2year-Individual-MDPP-Insurance-IRU_06","Getting iPhone Upgrade Eligibility with MobileShare plan type","[mdsIST, mds]","Failed",
"TC_MDS_UPGRADE-tablet-iPad-2year-Individual-MDPP-Insurance-IRU_06","Getting Selected Upline","[mdsIST, mds]","Failed",
"TC_MDS_UPGRADE-tablet-iPad-2year-Individual-MDPP-Insurance-IRU_06","Retrieving sku from catalog for recommended device","[mdsIST, mds]","Failed",
"TC_MDS_UPGRADE-tablet-iPad-2year-Individual-MDPP-Insurance-IRU_06","Redirect to accessory service recommender page","[mdsIST, mds]","Failed",
"TC_MDS_UPGRADE-tablet-iPad-2year-Individual-MDPP-Insurance-IRU_06","Getting the cart information","[mdsIST, mds]","Failed",
"TC_MDS_UPGRADE-Tablet-iPad-Individual-MI-InstallmentPlan-20months-IRU_02","Getting Express Upgrade Insurance Features","[mdsIST, mds]","Failed",
"TC_MDS_UPGRADE-Tablet-iPad-MobileShare-MDPP-InstallmentPlan-20months-IRU_01","Redirect to accessory service recommender page","[mdsIST, mds]","Failed",
"TC_MDS_UPGRADE-Tablet-iPad-MobileShare-MDPP-InstallmentPlan-20months-IRU_01","Getting Express Upgrade Insurance Features","[mdsIST, mds]","Failed",
"TC_MDS_UPGRADE-Tablet-iPad-MobileShare-MDPP-InstallmentPlan-20months-IRU_01","Select MDPP and add it to the cart","[mdsIST, mds]","Failed",
"TC_MDS_WLS-New-Citi-Flow","Add AT&T Unlimited Plus data plan to Order","[mdsIST, mds]","Failed",
"TC_MDS_WLS-New-Citi-Flow","Fetch Payment Details - Payment Service","[mdsIST, mds]","Failed",
"TC_MDS_WLS-New-Citi-Flow","Fetch Terms Details - Terms Service","[mdsIST, mds]","Failed",
"TC_MDS_WLS-New-Citi-Flow","Submit Order Details","[mdsIST, mds]","Failed",
"TC_MDS_WLS-New-Citi-Flow","Call CCC API for NACK validation post-order Submit","[mdsIST, mds]","Failed",
"TC_MDS_WLS-New-Smart-Phone-Next-Change-PPU-Address-IRUaccount_02","Add Unlimited Plan to Order","[mdsIST, mds]","Failed",
"TC_MDS_WLS-New-Smart-Phone-Next-Change-PPU-Address-IRUaccount_02","Call CCC API for NACK Pre Order Check","[mdsIST, mds]","Failed",
"TC_MDS_WLS-New-Smart-Phone-Next-Change-PPU-Address-IRUaccount_02","Fetch Payment Details - Payment Service","[mdsIST, mds]","Failed",
"TC_MDS_WLS-New-Smart-Phone-Next-Change-PPU-Address-IRUaccount_02","Submit Order Details","[mdsIST, mds]","Failed",
"TC_MDS_WLS-New-Smart-Phone-Next-Change-PPU-Address-IRUaccount_02","Call CCC API for NACK validation post-order Submit","[mdsIST, mds]","Failed",
"TC_MDS_WLS-New-Smart-Phone-IRU-Non-Emo_02","SHOPSESSIONID generation","[mdsIST, mds]","Failed",
"TC_MDS_WLS-New-Smart-Phone-IRU-Non-Emo_02","Call CCC API for NACK Pre Order Check","[mdsIST, mds]","Failed",
"TC_MDS_WLS-New-Smart-Phone-IRU-Non-Emo_02","Post NumberSelection Details","[mdsIST, mds]","Failed",
"TC_MDS_WLS-NEW-Wireless-Home-Services_03","Add Plan to Order","[mdsIST, mds]","Failed",
"TC_MDS_WLS-NEW-Wireless-Home-Services_03","Fetch Payment Details - Payment Service","[mdsIST, mds]","Failed",
"TC_MDS_WLS-NEW-Wireless-Home-Services_03","Call CCC API for NACK validation post-order Submit","[mdsIST, mds]","Failed",
"TC_MDS_WLS-Aal-Iru-Non-Emo-Smartphone_01","Get cart details","[mdsIST, mds]","Failed",
"TC_MDS_WLS-Aal-Iru-Non-Emo-Smartphone_01","PreCheckout data","[mdsIST, mds]","Failed",
"TC_MDS_WLS-Aal-Iru-Non-Emo-Smartphone_01","Post PersonalInfo Details - PersonalInfo Service","[mdsIST, mds]","Failed",
"TC_MDS_WLS-Aal-Iru-Non-Emo-Smartphone_01","Fetch PersonalInfo Details - PersonalInfo Service","[mdsIST, mds]","Failed",
"TC_MDS_WLS-Aal-Iru-Non-Emo-Smartphone_01","Call CCC API for NACK validation post-order Submit","[mdsIST, mds]","Failed",
"TC_MDS_DU40-Citi-Customer-Upgrade_02","check profile","[mdsIST, mds]","Failed",
"TC_MDS_DU40-Citi-Customer-Upgrade_02","Fetch PersonalInfo Details - PersonalInfo Service","[mdsIST, mds]","Failed",
"TC_MDS_DU40-Citi-Customer-Upgrade_02","Post Address Details - Address Service","[mdsIST, mds]","Failed",
"TC_MDS_DU40-Citi-Customer-Upgrade_02","Fetch Address Details - Address Service","[mdsIST, mds]","Failed",
"TC_MDS_DU40-Citi-Customer-Upgrade_02","Post NumberSelection Details","[mdsIST, mds]","Failed",
"TC_MDS_DU40-Citi-Customer-Upgrade_02","Post Payment Details - Payment Service","[mdsIST, mds]","Failed",
"TC_MDS_DU40-Citi-Customer-Upgrade_02","Fetch Payment Details - Payment Service","[mdsIST, mds]","Failed",
"TC_MDS_DU40-Citi-Customer-Upgrade_02","Fetch Terms Details - Terms Service","[mdsIST, mds]","Failed",
"TC_MDS_DU40-Citi-Customer-Upgrade_02","Post BillingPreference Details","[mdsIST, mds]","Failed",
"TC_MDS_DU40-Citi-Customer-Upgrade_02","Preview Order Details","[mdsIST, mds]","Failed",
"TC_MDS_New-Co-Existing-DTV-Smartphone","Add Unlimited Plan to Order","[mdsIST, mds]","Failed",
"TC_MDS_New-Co-Existing-DTV-Smartphone","Call CCC API for NACK Pre Order Check","[mdsIST, mds]","Failed",
"TC_MDS_New-Co-Existing-DTV-Smartphone","Fetch Payment Details - Payment Service","[mdsIST, mds]","Failed",
"TC_MDS_New-Co-Existing-Uverse-Smartphone","Add Unlimited Plan to Order","[mdsIST, mds]","Failed",
"TC_MDS_New-Co-Existing-Uverse-Smartphone","Get cart details","[mdsIST, mds]","Failed",
"TC_MDS_New-Co-Existing-Uverse-Smartphone","Fetch Payment Details - Payment Service","[mdsIST, mds]","Failed",
"TC_MDS_UPGRADE-Fully-Eligible-Tablet-On-Mobile-Share","Get Option for Pay-UP","[mdsIST, mds]","Failed",
"TC_MDS_UPGRADE-Fully-Eligible-Tablet-On-Mobile-Share","Redirect to accessory service recommender page","[mdsIST, mds]","Failed",
"TC_MDS_UPGRADE-Fully-Eligible-Tablet-On-Mobile-Share","Get cart details","[mdsIST, mds]","Failed",
"TC_MDS_UPGRADE-Fully-Eligible-Tablet-On-Mobile-Share","PreCheckout data","[mdsIST, mds]","Failed",
"TC_MDS_UPGRADE-Fully-Eligible-Tablet-On-Mobile-Share","Post PersonalInfo Details - PersonalInfo Service","[mdsIST, mds]","Failed",
"TC_MDS_UPGRADE-Fully-Eligible-Tablet-On-Mobile-Share","Fetch PersonalInfo Details - PersonalInfo Service","[mdsIST, mds]","Failed",
"TC_MDS_UPGRADE-Fully-Eligible-Tablet-On-Mobile-Share","Post Address Details - Address Service","[mdsIST, mds]","Failed",
"TC_MDS_UPGRADE-Fully-Eligible-Tablet-On-Mobile-Share","Fetch Address Details - Address Service","[mdsIST, mds]","Failed",
"TC_MDS_UPGRADE-Fully-Eligible-Tablet-On-Mobile-Share","Post NumberSelection Details","[mdsIST, mds]","Failed",
"TC_MDS_UPGRADE-Fully-Eligible-Tablet-On-Mobile-Share","Post Payment Details - Payment Service","[mdsIST, mds]","Failed",
"TC_MDS_UPGRADE-Fully-Eligible-Tablet-On-Mobile-Share","Fetch Payment Details - Payment Service","[mdsIST, mds]","Failed",
"TC_MDS_UPGRADE-Fully-Eligible-Tablet-On-Mobile-Share","Preview Order Details","[mdsIST, mds]","Failed",
"TC_MDS_UPGRADE-Eligible-Wearables_01","Add Device Samsung Gear S3 classic  to Order with No annual contract","[mdsIST, mds]","Failed",
"TC_MDS_UPGRADE-Eligible-Wearables_01","Add Mobilehot spot 10 GB per line  to Order","[mdsIST, mds]","Failed",
"TC_MDS_UPGRADE-Eligible-Wearables_01","Get cart details","[mdsIST, mds]","Failed",
"TC_MDS_UPGRADE-Eligible-Wearables_01","PreCheckout data","[mdsIST, mds]","Failed",
"TC_MDS_UPGRADE-Eligible-Wearables_01","Post PersonalInfo Details - PersonalInfo Service","[mdsIST, mds]","Failed",
"TC_MDS_UPGRADE-Eligible-Wearables_01","Fetch PersonalInfo Details - PersonalInfo Service","[mdsIST, mds]","Failed",
"TC_MDS_UPGRADE-Eligible-Wearables_01","Post Address Details - Address Service","[mdsIST, mds]","Failed",
"TC_MDS_UPGRADE-Eligible-Wearables_01","Fetch Address Details - Address Service","[mdsIST, mds]","Failed",
"TC_MDS_UPGRADE-Eligible-Wearables_01","Post NumberSelection Details","[mdsIST, mds]","Failed",
"TC_MDS_UPGRADE-Eligible-Wearables_01","Post Payment Details - Payment Service","[mdsIST, mds]","Failed",
"TC_MDS_UPGRADE-Eligible-Wearables_01","Fetch Payment Details - Payment Service","[mdsIST, mds]","Failed",
"TC_MDS_UPGRADE-Eligible-Wearables_01","Fetch Terms Details - Terms Service","[mdsIST, mds]","Failed",
"TC_MDS_UPGRADE-Eligible-Wearables_01","Post BillingPreference Details","[mdsIST, mds]","Failed",
"TC_MDS_UPGRADE-Eligible-Wearables_01","Preview Order Details","[mdsIST, mds]","Failed",
"TC_MDS_UPGRADE-Eligible-Wearables_01","ThankYou Page Details","[mdsIST, mds]","Failed",
"TC_MDS_UPGRADE-Samsung-MobileShare-MDPP-att-next-every-year_01","get tatsCookie","[mdsIST, mds]","Failed",
"TC_MDS_DU40-Existing-Mixed-Cart-LNP-Applicable-Only-Devices_01","Next Device Upgrade","[mdsIST, mds]","Failed",
"TC_MDS_DU40-Existing-Mixed-Cart-LNP-Applicable-Only-Devices_01","Get Insurance(MI)","[mdsIST, mds]","Failed",
"TC_MDS_DU40-Existing-Mixed-Cart-LNP-Applicable-Only-Devices_01","Redirect to accessory service recommender page with selected device contract","[mdsIST, mds]","Failed",
"TC_MDS_DU40-Existing-Mixed-Cart-LNP-Applicable-Only-Devices_01","Get cart details","[mdsIST, mds]","Failed",
"TC_MDS_DU40-Existing-Mixed-Cart-LNP-Applicable-Only-Devices_01","PreCheckout data","[mdsIST, mds]","Failed",
"TC_MDS_DU40-Existing-Mixed-Cart-LNP-Applicable-Only-Devices_01","Post PersonalInfo Details - PersonalInfo Service","[mdsIST, mds]","Failed",
"TC_MDS_DU40-Existing-Mixed-Cart-LNP-Applicable-Only-Devices_01","Fetch PersonalInfo Details - PersonalInfo Service","[mdsIST, mds]","Failed",
"TC_MDS_DU40-Existing-Mixed-Cart-LNP-Applicable-Only-Devices_01","Fetch Address Details - Address Service","[mdsIST, mds]","Failed",
"TC_MDS_DU40-Existing-Mixed-Cart-LNP-Applicable-Only-Devices_01","Post NumberSelection Details","[mdsIST, mds]","Failed",
"TC_MDS_DU40-Existing-Mixed-Cart-LNP-Applicable-Only-Devices_01","Post Payment Details - Payment Service","[mdsIST, mds]","Failed",
"TC_MDS_DU40-Existing-Mixed-Cart-LNP-Applicable-Only-Devices_01","Fetch Payment Details - Payment Service","[mdsIST, mds]","Failed",
"TC_MDS_DU40-Existing-Mixed-Cart-LNP-Applicable-Only-Devices_01","Fetch Terms Details - Terms Service","[mdsIST, mds]","Failed",
"TC_MDS_DU40-Existing-Mixed-Cart-LNP-Applicable-Only-Devices_01","Post BillingPreference Details","[mdsIST, mds]","Failed",
"TC_MDS_DU40-Existing-Mixed-Cart-LNP-Applicable-Only-Devices_01","Preview Order Details","[mdsIST, mds]","Failed",
"TC_MDS_DU40-Existing-Mixed-Cart-LNP-Applicable-Only-Devices_01","Call CCC API for NACK validation post-order Submit","[mdsIST, mds]","Failed",
"TC_MDS_DU40-Existing-Mixed-Cart-Without-Offer_03","Getting All device list with price","[mdsIST, mds]","Failed",
"TC_MDS_DU40-Existing-Mixed-Cart-Without-Offer_03","Getting both Device details with Insurance(MI) and Accessory for mixed","[mdsIST, mds]","Failed",
"TC_MDS_DU40-Existing-Mixed-Cart-Without-Offer_03","Getting Selected Upline for 2nd device upgrade","[mdsIST, mds]","Failed",
"TC_MDS_DU40-Existing-Mixed-Cart-Without-Offer_03","Getting All details in LOSG for 2nd Device upgrade","[mdsIST, mds]","Failed",
"TC_MDS_DU40-Existing-Mixed-Cart-Without-Offer_03","Getting All details in LOSG for Device,insurance(MI) and accessory","[mdsIST, mds]","Failed",
"TC_MDS_DU40-Existing-Mixed-Cart-Without-Offer_03","Getting both Device details with Insurance(MI) and Accessory for mixed","[mdsIST, mds]","Failed",
"TC_MDS_DU40-Existing-Mixed-Cart-Without-Offer_03","Next Device Upgrade 3rd device","[mdsIST, mds]","Failed",
"TC_MDS_DU40-Existing-Mixed-Cart-Without-Offer_03","Getting Selected Upline for 3rd device","[mdsIST, mds]","Failed",
"TC_MDS_DU40-Existing-Mixed-Cart-Without-Offer_03","Getting All details in LOSG for all Device upgrade","[mdsIST, mds]","Failed",
"TC_MDS_DU40-Existing-Mixed-Cart-Without-Offer_03","Getting All details in LOSG for Device,insurance(MI) and accessory","[mdsIST, mds]","Failed",
"TC_MDS_DU40-Existing-Mixed-Cart-Without-Offer_03","success upgrade for multiline MixedCart","[mdsIST, mds]","Failed",
"TC_MDS_DU40-Existing-Mixed-Cart-Without-Offer_03","Submit Order Details","[mdsIST, mds]","Failed",
"TC_MDS_DU40-Existing-Mixed-Cart-Without-Offer_03","Call CCC API for NACK validation post-order Submit","[mdsIST, mds]","Failed",
"TC_MDS_WLS-NEW-BYOD","Add ATT Unlimited Plus data plan to Order","[mdsIST, mds]","Failed",
"TC_MDS_WLS-NEW-BYOD","Call CCC API for NACK Pre Order Check","[mdsIST, mds]","Failed",
"TC_MDS_WLS-NEW-BYOD","Fetch Payment Details - Payment Service","[mdsIST, mds]","Failed",
"TC_MDS_WLS-NEW-BYOD","Fetch Terms Details - Terms Service","[mdsIST, mds]","Failed",
"TC_MDS_WLS-NEW-BYOD","Call CCC API for NACK validation post-order Submit","[mdsIST, mds]","Failed",
"TC_MDS_WLS-NEW-Smartphone-Port-In-LNP","Add ATT Unlimited Plus data plan to Order","[mdsIST, mds]","Failed",
"TC_MDS_WLS-NEW-Smartphone-Port-In-LNP","Call CCC API for NACK Pre Order Check","[mdsIST, mds]","Failed",
"TC_MDS_WLS-NEW-Smartphone-Port-In-LNP","Get cart details","[mdsIST, mds]","Failed",
"TC_MDS_WLS-NEW-Smartphone-Port-In-LNP","PreCheckout data","[mdsIST, mds]","Failed",
"TC_MDS_WLS-NEW-Smartphone-Port-In-LNP","Post PersonalInfo Details - PersonalInfo Service","[mdsIST, mds]","Failed",
"TC_MDS_WLS-NEW-Smartphone-Port-In-LNP","Fetch PersonalInfo Details - PersonalInfo Service","[mdsIST, mds]","Failed",
"TC_MDS_WLS-NEW-Smartphone-Port-In-LNP","Post Address Details - Address Service","[mdsIST, mds]","Failed",
"TC_MDS_WLS-NEW-Smartphone-Port-In-LNP","Fetch Address Details - Address Service","[mdsIST, mds]","Failed",
"TC_MDS_WLS-NEW-Smartphone-Port-In-LNP","Post NumberSelection Details","[mdsIST, mds]","Failed",
"TC_MDS_WLS-NEW-Smartphone-Port-In-LNP","Post Payment Details - Payment Service","[mdsIST, mds]","Failed",
"TC_MDS_WLS-NEW-Smartphone-Port-In-LNP","Fetch Payment Details - Payment Service","[mdsIST, mds]","Failed",
"TC_MDS_WLS-NEW-Smartphone-Port-In-LNP","Fetch Terms Details - Terms Service","[mdsIST, mds]","Failed",
"TC_MDS_WLS-NEW-Smartphone-Port-In-LNP","Get BillingPreference Details","[mdsIST, mds]","Failed",
"TC_MDS_WLS-NEW-Smartphone-Port-In-LNP","Preview Order Details","[mdsIST, mds]","Failed",
"TC_MDS_WLS-NEW-Smartphone-Port-In-LNP","ThankYou Page Details","[mdsIST, mds]","Failed",
"TC_MDS_WLS-NEW-Smartphone-Port-In-LNP","Call CCC API for NACK validation post-order Submit","[mdsIST, mds]","Failed",
"TC_MDS_WLS-NEW-Prepaid-GO-Phone-C2S-Shipping","Select Store-Pickup Option","[mdsIST, mds]","Failed",
"TC_MDS_WLS-NEW-Prepaid-GO-Phone-C2S-Shipping","Post Address Details - Address Service","[mdsIST, mds]","Failed",
"TC_MDS_WLS-NEW-Prepaid-GO-Phone-C2S-Shipping","Fetch Address Details - Address Service","[mdsIST, mds]","Failed",
"TC_MDS_WLS-NEW-Prepaid-GO-Phone-C2S-Shipping","Fetch Payment Details - Payment Service","[mdsIST, mds]","Failed",
"TC_MDS_WLS-NEW-Prepaid-GO-Phone-C2S-Shipping","Fetch Terms Details - Terms Service","[mdsIST, mds]","Failed",
"TC_MDS_WLS-NEW-Prepaid-GO-Phone-C2S-Shipping","Post BillingPreference Details","[mdsIST, mds]","Failed",
"TC_MDS_WLS-NEW-Prepaid-GO-Phone-C2S-Shipping","Preview Order Details","[mdsIST, mds]","Failed",
"TC_MDS_WLS-NEW-Prepaid-GO-Phone-C2S-Shipping","ThankYou Page Details","[mdsIST, mds]","Failed",
"TC_MDS_WLS-NEW-Accessory-Only","SHOPSESSIONID generation","[mdsIST, mds]","Failed",
"TC_MDS_WLS-NEW-Accessory-Only","Add Accessory","[mdsIST, mds]","Failed",
"TC_MDS_WLS-NEW-Accessory-Only","Call CCC API for NACK Pre Order Check","[mdsIST, mds]","Failed",
"TC_MDS_WLS-NEW-Accessory-Only","Call CCC API for NACK validation post-order Submit","[mdsIST, mds]","Failed",
"TC_MDS_WLS-NEW-Smartphone-Port-In-LNP","Add ATT Unlimited Plus data plan to Order","[mdsIST, mds]","Failed",
"TC_MDS_WLS-NEW-Smartphone-Port-In-LNP","Update Shipping method","[mdsIST, mds]","Failed",
"TC_MDS_WLS-NEW-Smartphone-Port-In-LNP","Get cart details","[mdsIST, mds]","Failed",
"TC_MDS_WLS-NEW-Smartphone-Port-In-LNP","PreCheckout data","[mdsIST, mds]","Failed",
"TC_MDS_WLS-NEW-Smartphone-Port-In-LNP","Post PersonalInfo Details - PersonalInfo Service","[mdsIST, mds]","Failed",
"TC_MDS_WLS-NEW-Smartphone-Port-In-LNP","Fetch PersonalInfo Details - PersonalInfo Service","[mdsIST, mds]","Failed",
"TC_MDS_WLS-NEW-Smartphone-Port-In-LNP","Fetch Address Details - Address Service","[mdsIST, mds]","Failed",
"TC_MDS_WLS-NEW-Smartphone-Port-In-LNP","Post Payment Details - Payment Service","[mdsIST, mds]","Failed",
"TC_MDS_WLS-NEW-Smartphone-Port-In-LNP","Fetch Payment Details - Payment Service","[mdsIST, mds]","Failed",
"TC_MDS_WLS-NEW-Smartphone-Port-In-LNP","Fetch Terms Details - Terms Service","[mdsIST, mds]","Failed",
"TC_MDS_WLS-NEW-Smartphone-Port-In-LNP","Post BillingPreference Details","[mdsIST, mds]","Failed",
"TC_MDS_WLS-NEW-Smartphone-Port-In-LNP","Preview Order Details","[mdsIST, mds]","Failed",
"TC_MDS_WLS-NEW-Smartphone-Port-In-LNP","Call CCC API for NACK validation post-order Submit","[mdsIST, mds]","Failed",
"TC_MDS_AAL-Smartphone-Next-DP-WHP","Get cart details","[mdsIST, mds]","Failed",
"TC_MDS_AAL-Smartphone-Next-DP-WHP","Fetch Payment Details - Payment Service","[mdsIST, mds]","Failed",
"TC_MDS_AAL-Smartphone-Next-DP-WHP","Preview Order Details","[mdsIST, mds]","Failed",
"TC_MDS_Smartphone-Next-BYOD-Coupon-Promo","Add Unlimited Plan to Order","[mdsIST, mds]","Failed",
"TC_MDS_Smartphone-Next-BYOD-Coupon-Promo","Add ATT Unlimited Plus data plan to Order","[mdsIST, mds]","Failed",
"TC_MDS_Smartphone-Next-BYOD-Coupon-Promo","Call CCC API for NACK Pre Order Check","[mdsIST, mds]","Failed",
"TC_MDS_Smartphone-Next-BYOD-Coupon-Promo","Get cart details","[mdsIST, mds]","Failed",
"TC_MDS_Smartphone-Next-BYOD-Coupon-Promo","PreCheckout data","[mdsIST, mds]","Failed",
"TC_MDS_Smartphone-Next-BYOD-Coupon-Promo","Call CCC API for NACK validation post-order Submit","[mdsIST, mds]","Failed",
"TC_MDS_UPGRADE-Ipad-InstallmentPlan-Individual-MI-14","check profile","[mdsIST, mds]","Failed",
"TC_MDS_UPGRADE-Ipad-InstallmentPlan-Individual-MI-14","Redirect to accessory service recommender page","[mdsIST, mds]","Failed",
"TC_MDS_UPGRADE-Ipad-InstallmentPlan-Individual-MI-14","Getting the cart information","[mdsIST, mds]","Failed",
"TC_MDS_UPGRADE-Ipad-InstallmentPlan-Individual-MI-14","Call CCC API for NACK Pre Order Check","[mdsIST, mds]","Failed",
"TC_MDS_UPGRADE-Ipad-InstallmentPlan-Individual-MI-14","Get cart details","[mdsIST, mds]","Failed",
"TC_MDS_UPGRADE-Ipad-InstallmentPlan-Individual-MI-14","PreCheckout data","[mdsIST, mds]","Failed",
"TC_MDS_UPGRADE-Ipad-InstallmentPlan-Individual-MI-14","Post PersonalInfo Details - PersonalInfo Service","[mdsIST, mds]","Failed",
"TC_MDS_UPGRADE-Ipad-InstallmentPlan-Individual-MI-14","Fetch PersonalInfo Details - PersonalInfo Service","[mdsIST, mds]","Failed",
"TC_MDS_UPGRADE-Ipad-InstallmentPlan-Individual-MI-14","Post Payment Details - Payment Service","[mdsIST, mds]","Failed",
"TC_MDS_UPGRADE-Ipad-InstallmentPlan-Individual-MI-14","Fetch Payment Details - Payment Service","[mdsIST, mds]","Failed",
"TC_MDS_UPGRADE-Ipad-InstallmentPlan-Individual-MI-14","Fetch Terms Details - Terms Service","[mdsIST, mds]","Failed",
"TC_MDS_UPGRADE-Ipad-InstallmentPlan-Individual-MI-14","Post BillingPreference Details","[mdsIST, mds]","Failed",
"TC_MDS_UPGRADE-Ipad-InstallmentPlan-Individual-MI-14","Preview Order Details","[mdsIST, mds]","Failed",
"TC_MDS_UPGRADE-Ipad-InstallmentPlan-Individual-MI-14","Call CCC API for NACK validation post-order Submit","[mdsIST, mds]","Failed",
"TC_MDS_UPGRADE-Tablet-Installment-Plan-Pay-Off-Low-Priority","Redirect to accessory service recommender page","[mdsIST, mds]","Failed",
"TC_MDS_UPGRADE-Tablet-Installment-Plan-Pay-Off-Low-Priority","Get cart details","[mdsIST, mds]","Failed",
"TC_MDS_UPGRADE-Tablet-Installment-Plan-Pay-Off-Low-Priority","PreCheckout data","[mdsIST, mds]","Failed",
"TC_MDS_UPGRADE-Tablet-Installment-Plan-Pay-Off-Low-Priority","Post PersonalInfo Details - PersonalInfo Service","[mdsIST, mds]","Failed",
"TC_MDS_UPGRADE-Tablet-Installment-Plan-Pay-Off-Low-Priority","Fetch PersonalInfo Details - PersonalInfo Service","[mdsIST, mds]","Failed",
"TC_MDS_UPGRADE-Tablet-Installment-Plan-Pay-Off-Low-Priority","Post Address Details - Address Service","[mdsIST, mds]","Failed",
"TC_MDS_UPGRADE-Tablet-Installment-Plan-Pay-Off-Low-Priority","Fetch Address Details - Address Service","[mdsIST, mds]","Failed",
"TC_MDS_UPGRADE-Tablet-Installment-Plan-Pay-Off-Low-Priority","Post NumberSelection Details","[mdsIST, mds]","Failed",
"TC_MDS_UPGRADE-Tablet-Installment-Plan-Pay-Off-Low-Priority","Fetch Payment Details - Payment Service","[mdsIST, mds]","Failed",
"TC_MDS_UPGRADE-Tablet-Installment-Plan-Pay-Off-Low-Priority","Fetch Terms Details - Terms Service","[mdsIST, mds]","Failed",
"TC_MDS_UPGRADE-Tablet-Installment-Plan-Pay-Off-Low-Priority","Post BillingPreference Details","[mdsIST, mds]","Failed",
"TC_MDS_UPGRADE-Tablet-Installment-Plan-Pay-Off-Low-Priority","Preview Order Details","[mdsIST, mds]","Failed",
"TC_MDS_UPGRADE-Tablet-Installment-Plan-Pay-Off-Low-Priority","Call CCC API for NACK validation post-order Submit","[mdsIST, mds]","Failed",
"TC_MDS_WLS-AAL-Pet-Flow_03","Add Plan 20GB data plan to Order","[mdsIST, mds]","Failed",
"TC_MDS_WLS-New-Iru-Emo-SmartPhoneNext-Insurance_01","Add ATT Unlimited Plus data plan to Order","[mdsIST, mds]","Failed",
"TC_MDS_WLS-New-Iru-Emo-SmartPhoneNext-Insurance_01","Call CCC API for NACK validation post-order Submit","[mdsIST, mds]","Failed",
"TC_MDS_WLS-New-SmartPhone-And-InternetDevice_01","Get all available shipping method","[mdsIST, mds]","Failed",
"TC_MDS_WLS-New-SmartPhone-And-InternetDevice_01","Post Address Details - Address Service","[mdsIST, mds]","Failed",
"TC_MDS_WLS-New-SmartPhone-And-InternetDevice_01","Fetch Address Details - Address Service","[mdsIST, mds]","Failed",
"TC_MDS_WLS-New-SmartPhone-And-InternetDevice_01","Post NumberSelection Details","[mdsIST, mds]","Failed",
"TC_MDS_WLS-New-SmartPhone-And-InternetDevice_01","Post Payment Details - Payment Service","[mdsIST, mds]","Failed",
"TC_MDS_WLS-New-SmartPhone-And-InternetDevice_01","Fetch Payment Details - Payment Service","[mdsIST, mds]","Failed",
"TC_MDS_WLS-New-SmartPhone-And-InternetDevice_01","Fetch Terms Details - Terms Service","[mdsIST, mds]","Failed",
"TC_MDS_WLS-New-SmartPhone-And-InternetDevice_01","Post BillingPreference Details","[mdsIST, mds]","Failed",
"TC_MDS_WLS-New-SmartPhone-And-InternetDevice_01","Preview Order Details","[mdsIST, mds]","Failed",
"TC_MDS_WLS-New-SmartPhone-And-InternetDevice_01","Call CCC API for NACK validation post-order Submit","[mdsIST, mds]","Failed",
"TC_MDS_WLS-New-Sim-Only_01","UUID  generation","[mdsIST, mds]","Failed",
"TC_MDS_WLS-New-Sim-Only_01","Add Mobilehot spot 10 GB per line  to Order","[mdsIST, mds]","Failed",
"TC_MDS_WLS-New-Sim-Only_01","Get cart details","[mdsIST, mds]","Failed",
"TC_MDS_WLS-New-Sim-Only_01","Fetch Payment Details - Payment Service","[mdsIST, mds]","Failed",
"TC_MDS_WLS-New-Sim-Only_01","Fetch Terms Details - Terms Service","[mdsIST, mds]","Failed",
"TC_MDS_WLS-New-Sim-Only_01","Call CCC API for NACK validation post-order Submit","[mdsIST, mds]","Failed",
"TC_MDS_COMBINED-WLS-New-WearablesOnIP-Installment-Plan_01","Add Mobilehot spot 10 GB per line  to Order","[mdsIST, mds]","Failed",
"TC_MDS_COMBINED-WLS-New-WearablesOnIP-Installment-Plan_01","Fetch Payment Details - Payment Service","[mdsIST, mds]","Failed",
"TC_MDS_COMBINED-WLS-New-WearablesOnIP-Installment-Plan_01","Call CCC API for NACK validation post-order Submit","[mdsIST, mds]","Failed",
"TC_MDS_WLS-Aal-Iru-Emo-Smartphone-Accessory-Insurance_01","Get cart details","[mdsIST, mds]","Failed",
"TC_MDS_WLS-Aal-Iru-Emo-Smartphone-Accessory-Insurance_01","PreCheckout data","[mdsIST, mds]","Failed",
"TC_MDS_WLS-Aal-Iru-Emo-Smartphone-Accessory-Insurance_01","Post PersonalInfo Details - PersonalInfo Service","[mdsIST, mds]","Failed",
"TC_MDS_WLS-Aal-Iru-Emo-Smartphone-Accessory-Insurance_01","Fetch PersonalInfo Details - PersonalInfo Service","[mdsIST, mds]","Failed",
"TC_MDS_WLS-Aal-Iru-Emo-Smartphone-Accessory-Insurance_01","Post Address Details - Address Service","[mdsIST, mds]","Failed",
"TC_MDS_WLS-Aal-Iru-Emo-Smartphone-Accessory-Insurance_01","Fetch Address Details - Address Service","[mdsIST, mds]","Failed",
"TC_MDS_WLS-Aal-Iru-Emo-Smartphone-Accessory-Insurance_01","Post NumberSelection Details","[mdsIST, mds]","Failed",
"TC_MDS_WLS-Aal-Iru-Emo-Smartphone-Accessory-Insurance_01","Post Payment Details - Payment Service","[mdsIST, mds]","Failed",
"TC_MDS_WLS-Aal-Iru-Emo-Smartphone-Accessory-Insurance_01","Fetch Payment Details - Payment Service","[mdsIST, mds]","Failed",
"TC_MDS_WLS-Aal-Iru-Emo-Smartphone-Accessory-Insurance_01","Fetch Terms Details - Terms Service","[mdsIST, mds]","Failed",
"TC_MDS_WLS-Aal-Iru-Emo-Smartphone-Accessory-Insurance_01","Post BillingPreference Details","[mdsIST, mds]","Failed",
"TC_MDS_WLS-Aal-Iru-Emo-Smartphone-Accessory-Insurance_01","Submit Order Details","[mdsIST, mds]",